ID,name,photoPath,hyperlink
pBtn39,Reading Rods<sup>®</sup> Alphabet & Phonemic Awareness,./img/literacy/readingRodsAlphabetPhonemic500x500.png,https://www.hand2mind.com/item/reading-rods-alphabet-phonemic-awareness
pBtn40,Reading Rods<sup>®</sup> Alphabet & CVC Words,./img/literacy/readingRodsAlphabetCVC500x500.png,https://www.hand2mind.com/item/reading-rods-alphabet-cvc-words
pBtn41,Reading Rods<sup>®</sup> Building Sight Words,./img/literacy/readingRodsBuildingSightWords500x500.png,https://www.hand2mind.com/item/reading-rods-building-sight-words
pBtn42,Reading Rods<sup>®</sup> Phonics Word-Building,./img/literacy/readingRodsPhonicsWordBuilding500x500.png,https://www.hand2mind.com/item/reading-rods-phonics-word-building
pBtn43,Reading Rods<sup>®</sup> Prefixes & Suffixes,./img/literacy/readingRodsPrefixesSuffixes500x500.png,https://www.hand2mind.com/item/reading-rods-prefixes-suffixes
pBtn44,Reading Rods<sup>®</sup> Sentence Construction,./img/literacy/readingRodsSentenceConstruction500x500.png,https://www.hand2mind.com/item/reading-rods-sentence-construction
pBtn45,Phoneme Phone Set,./img/literacy/phenomePhones500x500.png,https://www.hand2mind.com/item/phoneme-phone-set-of-6
pBtn46,Learn My Letters Fine Motor Clips,./img/literacy/learnMyLettersFineMotorClips500x500.png,https://www.hand2mind.com/item/learn-my-letters-fine-motor-clips
pBtn47,Lily Pad Letter Hop Word-Building Game,./img/literacy/lilyPadLetterHop500x500.png,https://www.hand2mind.com/item/lily-pad-letter-hop-word-building-game
pBtn48,Alphabet Picture Mnemonic Cards,./img/literacy/alphabetPictureMnemonicCards500x500.png,https://www.hand2mind.com/item/alphabet-picture-mnemonic-cards
pBtn49,Morphology Wall Card Set,./img/literacy/morphologyWallCardSet500x500.png,https://www.hand2mind.com/item/morphology-wall-card-set
pBtn50,FingerFocus<sup>®</sup> Highlighter Follow-Along Friends,/img/literacy/fingerFocusHighlighterFollowAlongFriends500x500.png,https://www.hand2mind.com/item/fingerfocus-highlighter-follow-along-friends
pBtn51,Beginning Word Builder,./img/literacy/beginningWordBuilder500x500.png,https://www.hand2mind.com/item/beginning-word-builder
